,Algeria,Iran,Nigeria,Kuwait,Saudi Arabia,Venezuela,United Arab Emirates
0,0.49990615796683785,0.8187845303867404,0.8726011560693642,0.5899326707277974,0.6783110055960658,0.9014836795252226,0.6276205957917503
1,0.4882124466693679,0.8176795580110497,0.8734489402697495,0.5899326707277974,0.6783110055960658,0.9109792284866469,0.6302881872748349
2,0.49698273014247035,0.7624309392265194,0.8503660886319845,0.5867265149086246,0.6740715618110904,0.916320474777448,0.6277550290318403
3,0.4940593023181029,0.8298342541436464,0.882466281310212,0.5835203590894518,0.669832118026115,0.927893175074184,0.628792466090049
4,0.49698273014247035,0.7690607734806629,0.8764161849710983,0.5706957358127605,0.6770391724605732,0.9367952522255193,0.5834850730709362
5,0.4911358744937354,0.8,0.882466281310212,0.5819172811798653,0.6681363405121248,0.9456973293768546,0.6166973500348101
6,0.49698273014247035,0.8033149171270718,0.8747591522157996,0.5851234369990381,0.6783110055960658,0.9474777448071217,0.6150182667549825
7,0.49698273014247035,0.8077348066298342,0.8759152215799615,0.5787111253606926,0.6846701712735289,0.9540059347181009,0.6140329074384303
8,0.4882124466693679,0.7281767955801105,0.8832369942196532,0.5931388265469701,0.6914532813294896,0.9605341246290802,0.6157284618179447
9,0.5057530136155728,0.8320441988950277,0.8909441233140655,0.5899326707277974,0.7037476683059183,0.9682492581602374,0.6236006785799759
10,0.49990615796683785,0.7721546961325967,0.902504816955684,0.5995511381853158,0.7079871120908937,0.9762611275964391,0.6096729104625361
11,0.5028295857912053,0.8048618784530387,0.8870905587668594,0.6155819172811798,0.7122265558758691,0.9842729970326409,0.6181506823601082
12,0.5086764414399403,0.7940331491712708,0.8597302504816956,0.6252003847386983,0.7211293878243175,0.9908011869436202,0.6665950932033768
13,0.5086764414399403,0.7944751381215469,0.8709055876685935,0.6219942289195255,0.7156181109038494,0.9973293768545994,0.6622350962274827
14,0.5057530136155728,0.7862983425414365,0.8982658959537573,0.6187880731003527,0.7079871120908937,1.0,0.6595706536311029
15,0.47651873537189804,0.8510497237569061,0.841233140655106,0.5819172811798653,0.691029336950992,0.9495548961424333,0.627500453652859
16,0.47944216319626554,0.8028729281767956,0.8473988439306358,0.5787111253606926,0.6952687807359674,0.9406528189910979,0.6185866820576976
17,0.47944216319626554,0.8457458563535911,0.8458574181117534,0.5803142032702789,0.691029336950992,0.9406528189910979,0.6273551204203293
18,0.46190159625006066,0.7971270718232044,0.8219653179190751,0.5642834241744149,0.6740715618110904,0.8961424332344213,0.6091884663541035
19,0.4677484518987956,0.7531491712707182,0.7325626204238921,0.5694132734850914,0.6655926742411395,0.8753709198813057,0.5755196008180318
20,0.46190159625006066,0.8205524861878453,0.7730250481695569,0.5488938762423854,0.648634899101238,0.8679525222551929,0.588357369691498
21,0.46190159625006066,0.7809944751381216,0.7117533718689788,0.5562680346264829,0.6804307274885535,0.8753709198813057,0.5864195932577672
22,0.4735953075475306,0.8028729281767956,0.7921761078998074,0.5610772683552421,0.6655926742411395,0.8887240356083086,0.5864195932577672
23,0.47944216319626554,0.8002209944751382,0.7889653179190751,0.5642834241744149,0.6783110055960658,0.8902077151335311,0.5944129210469065
24,0.4852890188450005,0.8161325966850829,0.7533718689788054,0.600833600512985,0.6655926742411395,0.8813056379821959,0.5900529240710123
25,0.4735953075475306,0.8704972375690607,0.7599229287090559,0.5456877204232126,0.6664405629981347,0.8679525222551929,0.5919907005047431
26,0.47944216319626554,0.8437569060773481,0.7753371868978806,0.5335043283103559,0.6694081736476174,0.8560830860534124,0.5755196008180318
27,0.4209736067089161,0.7697237569060773,0.7445086705202312,0.5649246553382494,0.6316771239613362,0.8160237388724035,0.5534773938843445
28,0.43266731800638597,0.7573480662983425,0.784971098265896,0.5456877204232126,0.6147193488214346,0.8130563798219584,0.5437885117156908
29,0.42682046235765103,0.7712707182320442,0.7645472061657033,0.5081756973388907,0.6231982363913855,0.8100890207715133,0.5525085056674791
30,0.43266731800638597,0.7381215469613259,0.7263969171483622,0.5065726194293043,0.6316771239613362,0.8086053412462908,0.5462107322578542
31,0.43266731800638597,0.7093922651933702,0.7086705202312139,0.5065726194293043,0.6274376801763608,0.8100890207715133,0.5479062866373686
32,0.4297438901820185,0.7116022099447514,0.7252408477842004,0.509778775248477,0.6274376801763608,0.8100890207715133,0.5462107322578542
33,0.42682046235765103,0.7690607734806629,0.7495183044315993,0.5129849310676499,0.6274376801763608,0.8100890207715133,0.5440307337699071
34,0.42682046235765103,0.7801104972375691,0.7491329479768786,0.5129849310676499,0.6274376801763608,0.8100890207715133,0.54185073528196
35,0.44436102930385585,0.7447513812154696,0.7572254335260116,0.5129849310676499,0.6401560115312871,0.8249258160237388,0.5466951763662868
36,0.4677484518987956,0.7491712707182321,0.7421965317919075,0.5129849310676499,0.633796845853824,0.827893175074184,0.5004307640109653
37,0.44436102930385585,0.7712707182320442,0.761849710982659,0.5226033985251684,0.6380362896387994,0.8308605341246291,0.5125418667217825
38,0.4297438901820185,0.8419889502762431,0.7556840077071291,0.509778775248477,0.6401560115312871,0.8308605341246291,0.5374907383060659
39,0.4560547406013257,0.7933701657458564,0.7741811175337187,0.5354280218018596,0.654994064778701,0.8456973293768546,0.5701907156252722
40,0.46482502407442816,0.8066298342541437,0.7684007707129095,0.5626803462648284,0.6677123961336273,0.8531157270029673,0.5331307413301717
41,0.4735953075475306,0.8044198895027624,0.7772639691714837,0.5610772683552421,0.6740715618110904,0.8531157270029673,0.5251374135410323
42,0.47651873537189804,0.8220994475138121,0.7980732177263969,0.5803142032702789,0.6825504493810413,0.8605341246290801,0.5401551809024456
43,0.482365591020633,0.7823204419889502,0.7880539499036608,0.5979480602757294,0.7079871120908937,0.8664688427299704,0.5408818470650947
44,0.4735953075475306,0.861878453038674,0.7737957610789981,0.6011542160949022,0.6867898931660166,0.8694362017804155,0.5401551809024456
45,0.4882124466693679,0.8419889502762431,0.8219653179190751,0.6011542160949022,0.7079871120908937,0.8753709198813057,0.5667996068662434
46,0.49698273014247035,0.8397790055248618,0.8346820809248555,0.6011542160949022,0.7291843310157707,0.8902077151335311,0.5663151627578107
47,0.49698273014247035,0.8552486187845304,0.8308285163776493,0.6011542160949022,0.7122265558758691,0.8991097922848664,0.5711596038421376
48,0.5086764414399403,0.8950276243093923,0.8389210019267823,0.6011542160949022,0.7037476683059183,0.913946587537092,0.5932018107758248
49,0.5086764414399403,0.8596685082872928,0.8269749518304431,0.5739018916319333,0.669832118026115,0.8635014836795252,0.5944129210469065
50,0.5086764414399403,0.8441988950276244,0.8192678227360308,0.5739018916319333,0.6689842292691199,0.8635014836795252,0.5670418289204597
51,0.5086764414399403,0.8287292817679558,0.7946050096339113,0.5418403334402052,0.6460912328302527,0.8338278931750742,0.5449996219867724
52,0.5086764414399403,0.8066298342541437,0.7707129094412332,0.5546649567168964,0.6511785653722232,0.8249258160237388,0.4842018863784703
53,0.5086764414399403,0.8287292817679558,0.7630057803468208,0.5482526450785509,0.6571137866711887,0.8338278931750742,0.5374907383060659
54,0.5086764414399403,0.8486187845303867,0.7545279383429673,0.5514588008977236,0.686026793284721,0.8367952522255193,0.5149640872639459
55,0.5086764414399403,0.8287292817679558,0.7965317919075144,0.5514588008977236,0.6633033745972529,0.8361335311572701,0.5081818697458883
56,0.5086764414399403,0.8,0.8223506743737957,0.5290157101635139,0.6443954553162625,0.7988094955489614,0.4880774392459318
57,0.5028295857912053,0.7624309392265194,0.8362235067437379,0.5258095543443412,0.6316771239613362,0.7958421364985163,0.4837174422700376
58,0.5028295857912053,0.7469613259668508,0.8003853564547206,0.5226033985251684,0.5918263523825674,0.7988094955489614,0.4834752202158213
59,0.5028295857912053,0.7513812154696132,0.8069364161849711,0.5354280218018596,0.6172630150924199,0.7958421364985163,0.4837174422700376
60,0.5379107196836149,0.7566850828729281,0.7772639691714837,0.5081756973388907,0.5850432423266068,0.758893471810089,0.5183551960229748
61,0.5496044309810849,0.7436464088397791,0.7194605009633911,0.4905418403334402,0.6104799050364592,0.7406652818991097,0.48444410843268665
62,0.5612981422785548,0.7281767955801105,0.7275529865125241,0.49695415197178583,0.6024249618450059,0.7145326409495548,0.47305967188451853
63,0.5729918535760247,0.7365745856353592,0.7394990366088632,0.5001603077909587,0.6053925724944887,0.6336572700296736,0.45150190905926396
64,0.5729918535760247,0.7348066298342542,0.7514450867052023,0.5161910868868227,0.6189587926064101,0.6534445103857567,0.4706374513423551
65,0.5729918535760247,0.7197790055248618,0.74373795761079,0.5210003206155819,0.6147193488214346,0.6542608308605341,0.4800841114567925
66,0.5729918535760247,0.7867403314917127,0.7603082851637765,0.5290157101635139,0.6274376801763608,0.7886008902077152,0.47717744680619634
67,0.5788387092247596,0.7403314917127072,0.7672447013487476,0.5210003206155819,0.6316771239613362,0.8280103857566765,0.4829907761073886
68,0.5788387092247596,0.7721546961325967,0.7757225433526012,0.5129849310676499,0.6443954553162625,0.7466311572700296,0.4871085510290664
69,0.5788387092247596,0.7270718232044199,0.7549132947976879,0.5226033985251684,0.6571137866711887,0.8015813056379822,0.4817796658363069
70,0.581762137049127,0.7792265193370166,0.7741811175337187,0.5129849310676499,0.6528743428862134,0.8145952522255193,0.482433665382691
71,0.5846855648734945,0.778121546961326,0.7953757225433526,0.5258095543443412,0.6571137866711887,0.5372545994065282,0.49049965978809523
72,0.8068660795254224,0.7913812154696133,0.8856131021194605,0.545046489259378,0.72413939291165,0.3924768545994065,0.5873884814746325
73,0.8214832186472598,0.860110497237569,0.8763645472061657,0.545046489259378,0.7512718331354926,0.46445875370919887,0.6152440177095121
74,0.8945689142564467,0.8179005524861879,0.8030504816955685,0.606604680987496,0.7881549940647787,0.6527258160237389,0.6091884663541035
75,0.8536409247153021,0.8106077348066298,0.7353105973025048,0.6380250080153895,0.7949381041207394,0.7528415430267063,0.60676624581194
76,0.8653346360127719,0.7750276243093923,0.8208161849710983,0.6219942289195255,0.7784042733593353,0.7802338278931751,0.6164551279805938
77,0.8828752029589767,0.9065193370165746,0.8233645472061657,0.5706957358127605,0.7283788366966254,0.7571673590504451,0.6116106868962669
78,0.8828752029589767,0.876243093922652,0.8477314065510597,0.5714972747675537,0.7349075801254875,0.674393175074184,0.6055551355408583
79,0.8945689142564467,0.8861878453038674,0.8592921001926782,0.5873677460724591,0.7306681363405121,0.7196810089020771,0.6164551279805938
80,0.8945689142564467,0.850828729281768,0.8610905587668595,0.6091696056428343,0.7177802272341869,0.6798299703264095,0.5813329301192239
81,0.9121094812026515,0.8906077348066298,0.8931217726396916,0.6211926899647323,0.7281244700695269,0.7388172106824925,0.589810702016796
82,0.9121094812026515,0.9116022099447514,0.9007791907514451,0.6338570054504649,0.7188824826182805,0.6936578635014836,0.5813329301192239
83,0.9121094812026515,0.8674033149171271,0.9161934489402698,0.639628085924976,0.7237154485331525,0.743433827893175,0.6188773485227572
84,0.9045085688592961,0.9014364640883978,0.930635838150289,0.6235973068291119,0.6891215872477531,0.7053890207715133,0.6096729104625361
85,0.9045085688592961,0.8793370165745856,0.9210019267822736,0.6252003847386983,0.6965830083093099,0.7458510385756677,0.6188773485227572
86,0.9045085688592961,0.903646408839779,0.9248554913294798,0.6252003847386983,0.6852212989655757,0.787166765578635,0.6031329149986949
87,0.9074319966836635,0.9191160220994475,0.905587668593449,0.6380250080153895,0.6680091571985756,0.7514774480712165,0.5617129437277002
88,0.9074319966836635,0.8738121546961326,0.9036608863198459,0.647643475472908,0.7469476004748177,0.7683326409495549,0.598288473914368
89,0.9074319966836635,0.9124861878453039,0.9152215799614644,0.6588650208400129,0.8024843140579956,0.8397172106824926,0.6418884436733098
90,0.910355424508031,0.889281767955801,0.9460500963391136,0.6572619429304264,0.812743768017636,0.7867632047477744,0.6430995539443916
91,0.9249725636298683,0.8914917127071823,0.9267822736030829,0.6612696377043924,0.8143971510937765,0.7497652818991097,0.6503662155708818
92,0.9366662749273382,0.8804419889502763,0.9267822736030829,0.6731324142353319,0.8023995251822961,0.739806824925816,0.6515773258419636
93,0.9571302696979106,0.8878044198895028,0.9383429672447013,0.6893235011221546,0.8091826352382567,0.7569732937685459,0.6467328847576367
94,0.9571302696979106,0.9198486187845303,0.9325626204238922,0.6845142673933953,0.8216465999660845,0.7209356083086053,0.6430995539443916
95,0.9571302696979106,0.9165337016574585,0.8940269749518305,0.6861173453029817,0.7991775479057148,0.7697762611275965,0.6673217593660259
96,0.9485938604507576,0.9124861878453039,0.9034512524084779,0.750240461686438,0.790523147363066,0.8382976261127597,0.6430995539443916
97,0.95736414392386,0.9047513812154696,0.9458404624277457,0.7855081756973389,0.8264736306596575,0.8872789317507419,0.6103995766251852
98,0.95736414392386,0.8716022099447513,0.9496940269749519,0.7694773966014749,0.816553332202815,0.8395925816023739,0.6552106566552087
99,0.95736414392386,0.8992265193370166,0.9531260115606937,0.7758897082398205,0.82087756486349,0.8882649851632047,0.6491551052998001
100,0.9602875717482274,0.9257458563535912,0.9531260115606937,0.7726835524206477,0.8358851958623029,0.8723629080118693,0.6382551128600646
101,0.9602875717482274,0.9246408839779006,0.9666134874759152,0.766271240782302,0.8358851958623029,0.8574587537091988,0.6043440252697766
102,0.9602875717482274,0.8992265193370166,0.9561880539499037,0.766271240782302,0.8417356282855689,0.8593522255192878,0.6600550977395355
103,0.9719812830456974,0.8914917127071823,0.9465541425818882,0.766271240782302,0.8417356282855689,0.8743032640949555,0.6794328620768431
104,0.9719812830456974,0.858342541436464,0.9253595375722543,0.7726835524206477,0.8369874512463965,0.7366421364985163,0.6927550750587419
105,0.9719812830456974,0.9069613259668509,0.9610909441233141,0.8015389547932029,0.8416508394098694,0.7839210682492581,0.6830661928900882
106,0.9719812830456974,0.8925966850828729,0.9803587668593449,0.7951266431548574,0.8397854841444803,0.8087884272997033,0.6854884134322516
107,0.9836749943431673,0.9014364640883978,0.9765052023121387,0.8015389547932029,0.8229124978802781,0.8666620178041543,0.709710618853886
108,0.9607436264888288,0.8567955801104973,0.9364631984585742,0.8079512664315486,0.8467592843818891,0.8842302670623146,0.6782217518057613
109,0.9724373377862987,0.905414364640884,0.9056346820809248,0.8065084963129208,0.8509987281668645,0.8270783382789317,0.6988106264141505
110,0.9724373377862987,0.9253038674033149,0.8304901734104045,0.8047451106123757,0.8433677293539088,0.8728988130563797,0.7048661777695591
111,0.9782841934350336,0.8523756906077348,0.8351044315992293,0.8047451106123757,0.8182702221468543,0.8155097922848665,0.7084995085828042
112,0.9753607656106662,0.8634254143646409,0.8774936416184971,0.8047451106123757,0.799192725114465,0.84570059347181,0.6915439647876602
113,0.9607436264888288,0.9387845303867404,0.919882851637765,0.8047451106123757,0.8288688316092929,0.7615421364985163,0.6988106264141505
114,0.9636670543131962,0.9695027624309392,0.9214678227360308,0.7919204873356845,0.8246293878243175,0.8305175074183977,0.7084995085828042
115,0.9636670543131962,0.9493922651933702,0.925321387283237,0.7951266431548574,0.8203899440393421,0.8104240356083086,0.7036550674984774
116,0.9636670543131962,0.9230939226519337,0.8925660886319845,0.8013786470022443,0.8114447176530439,0.8177967359050445,0.7012328469563139
117,0.9695139099619312,0.8965745856353591,0.9113680154142582,0.8047451106123757,0.804704002034933,0.8180554896142433,0.709710618853886
118,0.9695139099619312,0.9253038674033149,0.8978805394990366,0.7983327989740301,0.7907138375445142,0.8337759643916913,0.6757995312635978
119,0.9695139099619312,0.9098342541436464,0.8998073217726397,0.7919204873356845,0.7737560624046125,0.7971121661721068,0.6915439647876602
120,0.9619954382832229,0.9297237569060773,0.9002373795761079,0.7887143315165117,0.7744123283025267,0.7972002967359051,0.6866995237033333
121,0.950301726985753,0.8877348066298343,0.9013934489402697,0.7757294004488618,0.7658910462947262,0.8548982195845698,0.6770106415346796
122,0.9561485826344879,0.9606629834254143,0.8354974951830443,0.7757294004488618,0.7612276581312531,0.8277753709198813,0.6842773031611699
123,0.9619954382832229,0.9370165745856354,0.8373761078998073,0.766271240782302,0.7659334407325759,0.8064011869436202,0.6794328620768431
124,0.9736891495806927,0.9208839779005525,0.7672412331406551,0.750240461686438,0.7744123283025267,0.8485448071216617,0.6770106415346796
125,0.9795360052294277,0.9297237569060773,0.8050061657032755,0.750240461686438,0.767629218246566,0.845253412462908,0.6866995237033333
126,0.9824594330537951,0.9275138121546961,0.8501537572254335,0.782302019878166,0.7786517720875021,0.8605694362017805,0.6854884134322516
127,0.9824594330537951,0.9186740331491713,0.861714450867052,0.7853478679063802,0.7574121587247753,0.8616213649851633,0.6866995237033333
128,0.9824594330537951,0.9264088397790056,0.8902308285163776,0.7919204873356845,0.7871306596574529,0.8325899109792285,0.6794328620768431
129,0.9824594330537951,0.9584530386740332,0.8689788053949904,0.7983327989740301,0.8040884347973546,0.8496442136498517,0.6757995312635978
130,0.9883062887025301,0.9485082872928177,0.8481695568400771,0.8111574222507214,0.8045123791758522,0.8108652818991098,0.5849662609324692
131,1.0,0.9208839779005525,0.8443159922928709,0.8174094260981084,0.8082854841444802,0.8453219584569733,0.6673217593660259
132,0.9968888881093082,0.8839779005524862,0.859344894026975,0.8175697338890671,0.7800576564354756,0.744807121661721,0.6903328545165784
133,0.9968888881093082,0.8839779005524862,0.8092485549132948,0.8336005129849311,0.7800576564354756,0.744807121661721,0.6903328545165784
134,0.9968888881093082,0.8839779005524862,0.8978805394990366,0.8336005129849311,0.7800576564354756,0.744807121661721,0.6903328545165784
135,0.9968888881093082,0.8839779005524862,0.8208092485549133,0.8336005129849311,0.7715787688655248,0.744807121661721,0.6903328545165784
136,0.9968888881093082,0.8839779005524862,0.7938342967244701,0.8336005129849311,0.7970154315753774,0.744807121661721,0.6903328545165784
137,0.9968888881093082,0.8839779005524862,0.8246628131021194,0.8359089451747355,0.8012548753603527,0.744807121661721,0.6903328545165784
138,0.9968888881093082,0.9060773480662984,0.8169556840077071,0.8381853158063483,0.8224520942852298,0.744807121661721,0.6903328545165784
139,0.9968888881093082,0.9060773480662984,0.8539499036608863,0.8404937479961526,0.813973206715279,0.744807121661721,0.6903328545165784
140,0.9968888881093082,0.9060773480662984,0.8516377649325626,0.8428143635780698,0.7970154315753774,0.744807121661721,0.6903328545165784
141,0.9968888881093082,0.9060773480662984,0.8420038535645472,0.8428143635780698,0.7970154315753774,0.744807121661721,0.6782217518057613
142,0.9968888881093082,0.9060773480662984,0.8400770712909441,0.7969695415197179,0.759605816516873,0.744807121661721,0.6539995463841269
143,0.9968888881093082,0.9060773480662984,0.8015414258188824,0.7992917601795447,0.7222210445989486,0.744807121661721,0.6539995463841269
144,0.9354969037975912,0.885524861878453,0.8447013487475915,0.7534466175056108,0.6879203832457181,0.7477744807121661,0.6200884587938389
145,0.9354969037975912,0.8759074033149171,0.8331175337186898,0.7534466175056108,0.6840660505341699,0.7477744807121661,0.6200884587938389
146,0.9354969037975912,0.8774212154696133,0.7938342967244701,0.7534466175056108,0.6844512463964727,0.7477744807121661,0.6200884587938389
147,0.9354969037975912,0.890516685082873,0.8544161849710983,0.7534466175056108,0.6847990503645922,0.7477744807121661,0.6200884587938389
148,0.9354969037975912,0.8935944751381215,0.8524416184971098,0.7534466175056108,0.6851841614380193,0.7477744807121661,0.6200884587938389
149,0.9354969037975912,0.8949730386740332,0.7935630057803468,0.7534466175056108,0.7067541122604715,0.7477744807121661,0.6200884587938389
150,0.9179563368513864,0.8957239779005525,0.7904092485549133,0.7534466175056108,0.7240969984738003,0.7477744807121661,0.6200884587938389
151,0.9179563368513864,0.8964503867403315,0.8452107899807322,0.7534466175056108,0.7156181109038494,0.7477744807121661,0.6200884587938389
152,0.9179563368513864,0.8972013259668508,0.8631984585741811,0.7534466175056108,0.7071392233338986,0.7477744807121661,0.6200884587938389
153,0.9179563368513864,0.8979520441988951,0.882466281310212,0.7534466175056108,0.7071392233338986,0.7477744807121661,0.6200884587938389
154,0.9179563368513864,0.8986786740331492,0.9132947976878613,0.7534466175056108,0.7071392233338986,0.7477744807121661,0.6200884587938389
155,0.9179563368513864,0.900851049723757,0.9441233140655106,0.7534466175056108,0.6986603357639478,0.7477744807121661,0.6200884587938389
156,0.9004157699051816,0.9034002209944751,0.9263969171483623,0.7213850593138826,0.7080218514074953,0.7151335311572701,0.6225106793360023
157,0.9004157699051816,0.9060773480662984,0.9364161849710982,0.7213850593138826,0.7122612951924707,0.7151335311572701,0.6225106793360023
158,0.9004157699051816,0.9087314917127073,0.9244701348747592,0.7213850593138826,0.7114134064354757,0.7151335311572701,0.6225106793360023
159,0.9004157699051816,0.9105672928176796,0.8855491329479769,0.7213850593138826,0.7156528502204511,0.7151335311572701,0.6225106793360023
160,0.9004157699051816,0.9104972375690608,0.8682080924855491,0.7213850593138826,0.7080218514074953,0.7151335311572701,0.6225106793360023
161,0.9004157699051816,0.9119462983425414,0.9144508670520232,0.7213850593138826,0.7139570727064609,0.7151335311572701,0.6225106793360023
162,0.9004157699051816,0.8913370165745856,0.9052023121387284,0.7534466175056108,0.7139570727064609,0.7151335311572701,0.6225106793360023
163,0.9004157699051816,0.8927935911602211,0.9437379576107899,0.7534466175056108,0.714804961463456,0.7151335311572701,0.6225106793360023
164,0.9004157699051816,0.8943646408839779,0.9695568400770713,0.7534466175056108,0.7139570727064609,0.7151335311572701,0.6225106793360023
165,0.9004157699051816,0.8956906077348066,0.9761078998073218,0.7534466175056108,0.7131091839494659,0.7151335311572701,0.6225106793360023
166,0.9004157699051816,0.8972375690607735,0.948747591522158,0.7534466175056108,0.7173486277344412,0.7151335311572701,0.6225106793360023
167,0.9004157699051816,0.8990055248618785,0.9375722543352601,0.7534466175056108,0.7215880715194166,0.7151335311572701,0.6225106793360023
168,0.9004157699051816,0.9007734806629835,0.9815028901734104,0.7534466175056108,0.756113434008818,0.7418397626112759,0.6515773258419636
169,0.9004157699051816,0.9025414364640884,0.9664739884393063,0.7534466175056108,0.7917247618026114,0.7418397626112759,0.6515773258419636
170,0.9004157699051816,0.9043093922651934,0.9198458574181118,0.7855081756973389,0.7747669866627098,0.7418397626112759,0.6757995312635978
171,0.9004157699051816,0.9060773480662984,0.9279383429672448,0.8175697338890671,0.7747669866627098,0.7418397626112759,0.7000217366852322
172,0.9004157699051816,0.9060773480662984,0.9772639691714836,0.8175697338890671,0.7747669866627098,0.7418397626112759,0.7000217366852322
173,0.9004157699051816,0.9060773480662984,0.9784200385356455,0.8175697338890671,0.8341191996523656,0.7418397626112759,0.7000217366852322
174,0.9004157699051816,0.8950276243093923,0.9853564547206166,0.8175697338890671,0.8510769747922672,0.7418397626112759,0.7000217366852322
175,0.9004157699051816,0.8950276243093923,0.9876685934489403,0.8336005129849311,0.859555862362218,0.7418397626112759,0.7000217366852322
176,0.9004157699051816,0.8950276243093923,0.9745664739884393,0.8336005129849311,0.8425980872223163,0.7418397626112759,0.7000217366852322
177,0.9004157699051816,0.8839779005524862,0.9048169556840077,0.8336005129849311,0.8256403120824147,0.7418397626112759,0.7000217366852322
178,0.9004157699051816,0.8839779005524862,0.9402697495183044,0.8336005129849311,0.8510769747922672,0.7418397626112759,0.7000217366852322
179,0.9004157699051816,0.8729281767955801,0.8967244701348748,0.8336005129849311,0.8510769747922672,0.7418397626112759,0.7000217366852322
180,0.9062626255539166,0.850828729281768,0.9371868978805395,0.8496312920807951,0.8482497505256911,0.7418397626112759,0.7048661777695591
181,0.9062626255539166,0.8397790055248618,0.9472061657032755,0.8496312920807951,0.8652075256655928,0.7418397626112759,0.7048661777695591
182,0.9062626255539166,0.8287292817679558,0.9394990366088632,0.8464251362616223,0.8643596369085976,0.7418397626112759,0.7290883831911934
183,0.9062626255539166,0.7955801104972375,1.0,0.8464251362616223,0.8558807493386468,0.7418397626112759,0.7290883831911934
184,0.9062626255539166,0.7790055248618785,0.9749518304431599,0.8464251362616223,0.8389229741987452,0.7418397626112759,0.7290883831911934
185,0.9027545121646756,0.7403314917127072,0.9737957610789981,0.8432189804424495,0.8635117481516026,0.7418397626112759,0.7290883831911934
186,0.9039238832944225,0.7071823204419889,0.9761078998073218,0.8416159025328631,0.863087803773105,0.7418397626112759,0.7290883831911934
187,0.9050932544241695,0.692596685082873,0.9849710982658959,0.8416159025328631,0.863087803773105,0.7418397626112759,0.7290883831911934
188,0.9062626255539166,0.7012154696132596,0.9348747591522159,0.8368066688041039,0.8448581954977108,0.7418397626112759,0.7290883831911934
189,0.8665040071425189,0.6669613259668509,0.8836223506743738,0.8368066688041039,0.8448581954977108,0.7418397626112759,0.7290883831911934
190,0.8670886927073924,0.6961325966850829,0.874373795761079,0.8496312920807951,0.8228130878158386,0.7418397626112759,0.7290883831911934
191,0.8682580638371394,0.687292817679558,0.935645472061657,0.8496312920807951,0.7973764251059862,0.7418397626112759,0.7290883831911934
192,0.859487780364037,0.6824309392265193,0.9102119460500964,0.8656620711766592,0.7902085610819061,0.7418397626112759,0.7116483952876167
193,0.859487780364037,0.6883977900552486,0.8732177263969172,0.8656620711766592,0.7902085610819061,0.7418397626112759,0.7116483952876167
194,0.859487780364037,0.6937016574585635,0.9086705202312139,0.8656620711766592,0.7902085610819061,0.7418397626112759,0.7116483952876167
195,0.859487780364037,0.6903867403314917,0.9040462427745665,0.8656620711766592,0.8156452237917585,0.7418397626112759,0.7116483952876167
196,0.859487780364037,0.6771270718232044,0.8674373795761079,0.8656620711766592,0.8326029989316602,0.7418397626112759,0.7116483952876167
197,0.859487780364037,0.6861878453038674,0.8516377649325626,0.8656620711766592,0.8495607740715618,0.7418397626112759,0.7116483952876167
198,0.859487780364037,0.6917127071823205,0.9009633911368016,0.8656620711766592,0.8665185492114635,0.7418397626112759,0.7116483952876167
199,0.859487780364037,0.6844198895027624,0.9032755298651253,0.8656620711766592,0.8834763243513651,0.7418397626112759,0.7116483952876167
200,0.859487780364037,0.6773480662983425,0.9117533718689788,0.8656620711766592,0.8749974367814143,0.7418397626112759,0.7116483952876167
201,0.859487780364037,0.6910497237569061,0.8940269749518305,0.8656620711766592,0.8495607740715618,0.7418397626112759,0.7116483952876167
202,0.8010192238766876,0.6930386740331491,0.8554913294797688,0.8656620711766592,0.8495607740715618,0.7418397626112759,0.7116483952876167
203,0.859487780364037,0.7003314917127071,0.8863198458574181,0.8656620711766592,0.8495607740715618,0.7418397626112759,0.7116483952876167
204,0.8302535021203622,0.7226519337016575,0.9325626204238922,0.8496312920807951,0.8572137064524333,0.7418397626112759,0.711163951179184
205,0.8302535021203622,0.7204419889502762,0.9132947976878613,0.8496312920807951,0.852974262667458,0.7418397626112759,0.711163951179184
206,0.8302535021203622,0.7138121546961326,0.8940269749518305,0.8336005129849311,0.8360164875275563,0.7418397626112759,0.7353861566008183
207,0.8302535021203622,0.7138121546961326,0.8959537572254336,0.8336005129849311,0.8360164875275563,0.7418397626112759,0.6869417457575496
208,0.8302535021203622,0.7138121546961326,0.8994219653179191,0.8656620711766592,0.8360164875275563,0.7418397626112759,0.7353861566008183
209,0.8302535021203622,0.6961325966850829,0.9132947976878613,0.8496312920807951,0.8360164875275563,0.7418397626112759,0.7474972593116355
210,0.8302535021203622,0.6961325966850829,0.8828516377649326,0.8656620711766592,0.8487348188824826,0.7418397626112759,0.7474972593116355
211,0.8302535021203622,0.7071823204419889,0.9021194605009634,0.8816928502725232,0.8402559313125317,0.7418397626112759,0.7547639209381258
212,0.8302535021203622,0.7182320441988951,0.8847784200385357,0.8816928502725232,0.8317770437425809,0.7418397626112759,0.7305417155164915
213,0.8302535021203622,0.7292817679558011,0.9186897880539499,0.8816928502725232,0.8402559313125317,0.7418397626112759,0.7208528333478378
214,0.8302535021203622,0.7292817679558011,0.8959537572254336,0.8816928502725232,0.8317770437425809,0.7418397626112759,0.728119494974328
215,0.8302535021203622,0.7292817679558011,0.9210019267822736,0.8816928502725232,0.8317770437425809,0.7418397626112759,0.7378083771429818
216,0.8355156722042237,0.721767955801105,0.8840077071290944,0.8993267072779737,0.8315559765219603,0.7403560830860534,0.7484661475285008
217,0.8355156722042237,0.72353591160221,0.874373795761079,0.8993267072779737,0.8400348640919111,0.7400593471810089,0.7508883680706643
218,0.8355156722042237,0.7186740331491712,0.8292870905587668,0.8993267072779737,0.8739504143717144,0.7397626112759644,0.7533105886128277
219,0.8355156722042237,0.7390055248618784,0.8342967244701349,0.9057390189163194,0.8739504143717144,0.7394658753709199,0.760577250239318
220,0.8355156722042237,0.7341436464088398,0.8242774566473988,0.9089451747354922,0.890908189511616,0.7391691394658754,0.7629994707814814
221,0.8355156722042237,0.7233149171270719,0.7803468208092486,0.9089451747354922,0.9036265208665423,0.7388724035608308,0.7654216913236449
222,0.8355156722042237,0.7303867403314918,0.8177263969171483,0.9185636421930106,0.8959955220535866,0.7385756676557863,0.7654216913236449
223,0.8355156722042237,0.7093922651933702,0.8046242774566474,0.9313882654697019,0.8866687457266407,0.7382789317507419,0.7678439118658084
224,0.8355156722042237,0.7191160220994475,0.8574181117533719,0.9313882654697019,0.8866687457266407,0.7379821958456974,0.7678439118658084
225,0.8355156722042237,0.7244198895027625,0.8470134874759152,0.9153574863738377,0.8824293019416652,0.7376854599406528,0.7702661324079718
226,0.8355156722042237,0.7405524861878453,0.8578034682080925,0.9313882654697019,0.8739504143717144,0.7373887240356083,0.7678439118658084
227,0.8355156722042237,0.748950276243094,0.8319845857418112,0.9474190445655659,0.8739504143717144,0.7370919881305638,0.7726883529501352
228,0.7893255125792177,0.8070718232044198,0.8319845857418112,0.9618467457518436,0.8829913515346787,0.7071216617210683,0.7860105659320341
229,0.7893255125792177,0.838011049723757,0.8169556840077071,0.9474190445655659,0.8829913515346787,0.7068249258160237,0.7327217140044385
230,0.7893255125792177,0.9045303867403315,0.7680154142581889,0.9522282782943251,0.8829913515346787,0.7065281899109792,0.7387772653598471
231,0.7893255125792177,0.9222099447513812,0.7745664739884393,0.876883616543764,0.8829913515346787,0.7062314540059347,0.7411994859020106
232,0.7893255125792177,0.9197790055248619,0.6447013487475916,0.9442128887463931,0.8914702391046295,0.6762611275964392,0.7847994556609523
233,0.7776318012817477,0.9171270718232044,0.6978805394990366,0.9442128887463931,0.9084280142445311,0.6700296735905045,0.7920661172874427
234,0.7893255125792177,0.9334806629834255,0.6797687861271676,0.9570375120230843,0.9194505680854672,0.6519287833827894,0.7969105583717695
235,0.7893255125792177,0.9339226519337016,0.6527938342967244,0.9602436678422571,0.916906901814482,0.6486646884272997,0.8041772199982599
236,0.7893255125792177,0.9303867403314917,0.6651252408477842,0.9602436678422571,0.9135153467865016,0.6454005934718101,0.8114438816247501
237,0.7893255125792177,0.9529281767955801,0.7144508670520231,0.9602436678422571,0.9126674580295066,0.6421364985163205,0.8065994405404233
238,0.7893255125792177,0.9626519337016575,0.7645472061657033,0.96344982366143,0.916906901814482,0.6388724035608309,0.8138661021669136
239,0.7893255125792177,0.9834254143646409,0.6489402697495184,0.96344982366143,0.9084280142445311,0.629673590504451,0.8138661021669136
240,0.7694462033735188,0.980110497237569,0.71252408477842,0.9249759538313562,0.8645073766321859,0.6160237388724036,0.7763216837633804
241,0.7694462033735188,0.980110497237569,0.7202312138728324,0.9057390189163194,0.866203154146176,0.612759643916914,0.7714772426790535
242,0.7694462033735188,0.9823204419889503,0.6666666666666666,0.9025328630971465,0.8619637103612006,0.6124629080118694,0.7666328015947266
243,0.7635993477247839,0.9845303867403314,0.6859344894026975,0.9025328630971465,0.8645073766321859,0.6091988130563798,0.7617883605103998
244,0.7635993477247839,0.9845303867403314,0.7321772639691715,0.9025328630971465,0.8704425979311514,0.6089020771513353,0.7666328015947266
245,0.7635993477247839,0.9867403314917127,0.7495183044315993,0.9057390189163194,0.8874003730710531,0.6026706231454005,0.7714772426790535
246,0.7635993477247839,0.9867403314917127,0.7791907514450868,0.9025328630971465,0.8831609292860777,0.6023738872403561,0.7714772426790535
247,0.7635993477247839,0.9867403314917127,0.7811445086705202,0.9025328630971465,0.8780735967441071,0.600593471810089,0.7714772426790535
248,0.7635993477247839,0.988950276243094,0.785383429672447,0.9089451747354922,0.8823130405290825,0.5958456973293769,0.7714772426790535
249,0.7343650694811091,0.9845303867403314,0.7788824662813102,0.9121513305546649,0.8797693742580973,0.5807121661721069,0.76905502213689
250,0.746058780778579,0.9823204419889503,0.7957418111753372,0.9025328630971465,0.8755299304731219,0.568545994065282,0.7617883605103998
251,0.7635993477247839,0.980110497237569,0.8086705202312139,0.8993267072779737,0.8712904866881466,0.5044510385756676,0.7666328015947266
252,0.74956689416782,0.9988950276243094,0.7939893453926782,0.9025328630971465,0.8799389520094963,0.5029673590504451,0.7705083544621881
253,0.7437200385190851,0.9977900552486187,0.7824286517510597,0.9025328630971465,0.8748516194675259,0.4910979228486647,0.7608194722935344
254,0.7203326159241453,0.9933701657458563,0.7708679581094412,0.9057390189163194,0.8706121756825504,0.4792284866468843,0.7559750312092075
255,0.7203326159241453,1.0,0.7631608290150289,0.9025328630971465,0.8714600644395455,0.47032640949554894,0.758397251751371
256,0.7378731828703501,0.9955801104972376,0.693796667165318,0.9025328630971465,0.8765473969815161,0.46142433234421365,0.753552810667044
257,0.74956689416782,0.9900552486187846,0.6668217153348748,0.9057390189163194,0.9019840596913685,0.443620178041543,0.7632416928356978
258,0.755413749816555,0.9772375690607735,0.6860895380709056,0.9313882654697019,0.907071392233339,0.4332344213649852,0.7705083544621881
259,0.74956689416782,0.932596685082873,0.7130644899013487,0.9313882654697019,0.9019840596913685,0.4198813056379822,0.7801972366308418
260,0.7261794715728802,0.9060773480662984,0.7516001353734104,0.9313882654697019,0.9104629472613193,0.40979228486646885,0.7801972366308418
261,0.7261794715728802,0.9049723756906077,0.7361858771845857,0.9313882654697019,0.927420722401221,0.4008902077151335,0.792308339341659
262,0.7261794715728802,0.7502762430939226,0.7323323126373796,0.9313882654697019,0.9511616075970832,0.3949554896142433,0.826219426931947
263,0.7261794715728802,0.7281767955801105,0.7438930062789981,0.9313882654697019,0.9087671697473292,0.38605341246290803,0.8359083091006008
264,0.6957758221994585,0.7259668508287292,0.7105125824073217,0.9153574863738377,0.8692555536713583,0.3771513353115727,0.8319888037917782
265,0.748397523038073,0.7259668508287292,0.7220732760489402,0.9153574863738377,0.8734949974563337,0.33857566765578634,0.8464795914992281
266,0.7542443786868079,0.7204419889502762,0.7336339696905587,0.9057390189163194,0.8522977785314567,0.2685459940652819,0.8370431464108057
267,0.748397523038073,0.6983425414364641,0.7606089215210019,0.9057390189163194,0.8522977785314567,0.2626112759643917,0.8414437802586718
268,0.7425506673893381,0.6541436464088398,0.7220732760489402,0.9057390189163194,0.856537222316432,0.23887240356083086,0.8383331614718565
269,0.7250101004431332,0.6342541436464089,0.7683160506154142,0.9057390189163194,0.8650161098863829,0.25370919881305637,0.8461780818185783
270,0.7367038117406031,0.6121546961325967,0.7567553569737957,0.8993267072779737,0.8438188909615059,0.25370919881305637,0.8348592649911807
271,0.7308569560918682,0.6121546961325967,0.7875838733514451,0.8993267072779737,0.8522977785314567,0.23887240356083086,0.8486374117628693
272,0.7367038117406031,0.6121546961325967,0.7683160506154142,0.8993267072779737,0.7378327963371206,0.20919881305637983,0.8432705041054089
273,0.7367038117406031,0.611049723756906,0.7606089215210019,0.8993267072779737,0.8522977785314567,0.20474777448071216,0.8558392147409413
274,0.7425506673893381,0.5889502762430939,0.7567553569737957,0.8993267072779737,0.856537222316432,0.2195845697329377,0.8686306888690688
275,0.7367038117406031,0.5889502762430939,0.7490482278793834,0.9025328630971465,0.8438188909615059,0.26409495548961426,0.8435402501917256
276,0.7250101004431332,0.5955801104972376,0.7666044086527938,0.903174094260981,0.8516194675258606,0.26409495548961426,0.8554966198539482
277,0.7250101004431332,0.6044198895027625,0.7550437150111753,0.903174094260981,0.8431405799559097,0.24925816023738873,0.849635666258555
278,0.7367038117406031,0.5933701657458563,0.747336585916763,0.9656941327348509,0.8473800237408852,0.19881305637982197,0.9237210935725646
279,0.7367038117406031,0.5878453038674033,0.7280687631807322,1.0,1.0,0.18397626112759644,1.0
280,0.6197666987659042,0.5878453038674033,0.6972402468030828,0.7390189163193331,0.7413939291164999,0.16172106824925817,0.6842487329320507
281,0.5993027039953319,0.5823204419889503,0.6394367785949904,0.7037512023084322,0.6693233847719179,0.11869436201780416,0.6480135761620812
282,0.5963792761709644,0.5712707182320442,0.6343655913976878,0.7261942930426418,0.7286755977615736,0.11275964391691394,0.6743033352257279
283,0.6256135544146392,0.5712707182320442,0.6534545465845857,0.7694773966014749,0.7710700356113278,0.11275964391691394,0.7354931704237866
284,0.6256135544146392,0.5712707182320442,0.6556878227360309,0.7694773966014749,0.7803968119382737,0.10682492581602374,0.6873505633550748
285,0.6314604100633741,0.5712707182320442,0.6721500901236994,0.7694773966014749,0.7803968119382737,0.11869436201780416,0.6687894574385775
286,0.6314604100633741,0.5823204419889503,0.6465511496466282,0.7726835524206477,0.7803968119382737,0.12462908011869436,0.6915439647876602
287,0.6256135544146392,0.5933701657458563,0.6129140530797688,0.7726835524206477,0.7803968119382737,0.12759643916913946,0.7084995085828042
288,0.6314604100633741,0.6066298342541436,0.5636388215549133,0.782302019878166,0.7880278107512294,0.1572700296735905,0.7157661702092946
289,0.643154121360844,0.6397790055248619,0.6144595513348747,0.782302019878166,0.711717822621672,0.16913946587537093,0.7157661702092946
290,0.643154121360844,0.661878453038674,0.6088141338801542,0.782302019878166,0.7074783788366966,0.1661721068249258,0.7157661702092946
291,0.643154121360844,0.6972375690607735,0.5897538342967245,0.782302019878166,0.7074783788366966,0.1543026706231454,0.7218217215647031
292,0.6490009770095789,0.6972375690607735,0.6035161911865126,0.7919204873356845,0.7356282855689333,0.16765578635014836,0.7290883831911934
293,0.6577712604826813,0.7082872928176795,0.5905112395633911,0.7992946457197819,0.7750551127692047,0.17210682492581603,0.7411994859020106
294,0.6665415439557838,0.7082872928176795,0.600815787183815,0.8111574222507214,0.8182126505002544,0.16913946587537093,0.7484661475285008
295,0.6723883996045187,0.6972375690607735,0.5341779352350674,0.8207758897082398,0.826872904649242,0.1661721068249258,0.7628178042408192
296,0.6782352552532537,0.6972375690607735,0.5907923827872833,0.8271882013465854,0.8355331587982288,0.1661721068249258,0.7687825223258967
297,0.6840821109019886,0.6972375690607735,0.574953670209634,0.8368066688041039,0.8484328567321914,0.18694362017804153,0.779591681495301
298,0.6899289665507236,0.7087674716525967,0.5955770070647399,0.849503850740622,0.8570931108812108,0.21068249258160238,0.7855563995803785
299,0.6957758221994585,0.7258265749275138,0.5770641556342967,0.8547557754402052,0.857274477460234,0.2314540059347181,0.7987877792919462
300,0.6899289665507236,0.7498739893040883,0.5736614457082851,0.8643742428977237,0.8657533650301849,0.20474777448071216,0.8012099998341097
301,0.6899289665507236,0.7417217174925966,0.5863358243876686,0.8739927103552421,0.8869505839550619,0.21068249258160238,0.8096877717316816
302,0.6957758221994585,0.7470252238662983,0.5450759649448941,0.8836111778127606,0.8657533650301849,0.21810089020771514,0.8157433230870902
303,0.7016226778481934,0.7292056056897237,0.53938721901079,0.8900234894511062,0.8911900277400373,0.22551928783382788,0.825432205255744
304,0.7074695334969284,0.7046644814970165,0.48017203057996144,0.9018719201115741,0.8869505839550619,0.2166172106824926,0.8338191438829848
305,0.7133163891456633,0.7074874966543646,0.4888015157352601,0.9107360609358769,0.8954294715250127,0.21068249258160238,0.8446283030523891
306,0.7133163891456633,0.7119275446952485,0.4687627198709056,0.9275046583164476,0.9166266904498898,0.18694362017804153,0.857859682763957
307,0.7191632447943983,0.7273238866119337,0.4246828889302504,0.9407719725639628,0.9463027969447176,0.21068249258160238,0.8699707854747741
308,0.7191632447943983,0.7151875176853039,0.444611753371869,0.9439781283831356,0.9505422407296931,0.20178041543026706,0.8723930060169375
309,0.7250101004431332,0.7167467434256354,0.45767047050789983,0.93756581674479,0.908147802879939,0.2166172106824926,0.8699707854747741
310,0.7133163891456633,0.73307686391779,0.48084729608208093,0.9055042585530618,0.908147802879939,0.20178041543026706,0.8384819184266494
311,0.7133163891456633,0.7501359671927071,0.48955691466204243,0.8894734794571978,0.908147802879939,0.20178041543026706,0.8384819184266494
312,0.7133163891456633,0.7609237130609944,0.5345587917210018,0.9028481127277974,0.8478887569950823,0.2166172106824926,0.8477771897572016
313,0.7133163891456633,0.7527714412495027,0.5586707541976879,0.8964358010894518,0.8648465321349839,0.20178041543026706,0.8477771897572016
314,0.7074695334969284,0.7580749476232045,0.5531670706693642,0.8932296452702789,0.886043751059861,0.21068249258160238,0.8477771897572016
315,0.7133163891456633,0.7468851637007735,0.4905202312138729,0.8804050219935877,0.9157198575546889,0.22255192878338279,0.8405105281307114
316,0.6957758221994585,0.7599131002815469,0.567605141482081,0.8619059053632574,0.8563676445650331,0.228486646884273,0.8090216610825867
317,0.6782352552532537,0.7693659496930387,0.5637515769348748,0.8626437236482847,0.8690859759199593,0.228486646884273,0.8090216610825867
318,0.6840821109019886,0.7892756109935911,0.5175088023684008,0.8569692302946458,0.7944717653043921,0.23738872403560832,0.8090216610825867
319,0.6723883996045187,0.8267714004240884,0.544483754198844,0.8542057654462969,0.7546209937256232,0.228486646884273,0.8114438816247501
320,0.6782352552532537,0.830104644757127,0.5791658351236995,0.8670303887229881,0.7970154315753774,0.22106824925816024,0.8138661021669136
321,0.6840821109019886,0.8382937047516023,0.5868729642181117,0.8477934538079512,0.7842971002204511,0.22106824925816024,0.816288322709077
322,0.6840821109019886,0.8745133280061879,0.5637515769348748,0.8574119212654697,0.7800576564354756,0.22551928783382788,0.8065994405404233
323,0.6782352552532537,0.902622155038011,0.6061407869541426,0.8477934538079512,0.7588604375105986,0.228486646884273,0.8065994405404233
